ORG_NAME,ADDR_LINE_1,ADDR_CITY,ADDR_POSTAL_CODE,APP_TYPE,CIRCLE,Provisional
"Fresh Start Day Care Center, Inc.",6924 W North Ave,Chicago,60707-4413,Licensed Child Care Center,Silver Circle of Quality,
Carole Robertson Ctr for Learning,3701 W Ogden Ave,Chicago,60623-2557,Licensed Child Care Center,Gold Circle of Quality,
Irving Park Early Learning Center Inc.,3023 W Montrose Ave # 23,Chicago,60618-1311,Licensed Child Care Center,Silver Circle of Quality (PROVISIONAL),Provisional
Rainbow Day Care,3250 W Irving Park Rd,Chicago,60618-3325,Licensed Child Care Center,Silver Circle of Quality,
"Wee Care Nursery Schl.& Kindergarten,Inc",1845 E 79th St,Chicago,60649-4634,Licensed Child Care Center,Gold Circle of Quality,
Bridgeport Child Development,3053 S Normal Ave,Chicago,60616-3125,Licensed Child Care Center,Gold Circle of Quality,
Altgeld I Early Learning Center,941 E 132nd St,Chicago,60827-1409,Licensed Child Care Center,Gold Circle of Quality,
The Love Learning Center Day Care,228 E 61st St,Chicago,60637-2204,Licensed Child Care Center,Silver Circle of Quality (PROVISIONAL),Provisional
Erie Neighborhood House D.C. Program,1347 W Erie St,Chicago,60642-5794,Licensed Child Care Center,Gold Circle of Quality (PROVISIONAL),Provisional
Gads Hill Child Care Center,2653 W Ogden Ave,Chicago,60608-1647,Licensed Child Care Center,Gold Circle of Quality,
Little Tykes II DC Inc,1723 W 35th St,Chicago,60609-1224,Licensed Child Care Center,Gold Circle of Quality,
North Avenue Day Nursery,2001 W Pierce Ave,Chicago,60622-1947,Licensed Child Care Center,Gold Circle of Quality,
Young Scholars Developmental Institute,3038 W 59th St,Chicago,60629-2542,Licensed Child Care Center,Gold Circle of Quality,
Kidwatch Plus,3901 N Ridgeway Ave,Chicago,60618-3109,Licensed Child Care Center,Gold Circle of Quality,
NIA Family Center,744 N Monticello Ave,Chicago,60624-1263,Licensed Child Care Center,Gold Circle of Quality,
Olive-Harvey Child Development Center,10001 S Woodlawn Ave,Chicago,60628-1645,Licensed Child Care Center,Gold Circle of Quality,
South East Asia Center Pre School,1124 W Ainslie St,Chicago,60640-3602,Licensed Child Care Center,Gold Circle of Quality,
Kennedy King Colleg Child Dev Lab Ctr,710 W 65th St Bldg Z,Chicago,60621-1949,Licensed Child Care Center,Gold Circle of Quality,
Marillac Social Center,212 S Francisco Ave,Chicago,60612-3618,Licensed Child Care Center,Gold Circle of Quality,
Garfield YMCA,7 N Homan Ave,Chicago,60624-2499,Licensed Child Care Center,Gold Circle of Quality,
Dr. Effie O Ellis YMCA Day Care Cemter,10 S Kedzie Ave,Chicago,60612-2706,Licensed Child Care Center,Gold Circle of Quality,
South Chicago YMCA Day Care,3039 E 91st St,Chicago,60617-4464,Licensed Child Care Center,Gold Circle of Quality,
St Vincent De Paul Center,2145 N Halsted St,Chicago,60614-4366,Licensed Child Care Center,Gold Circle of Quality,
Christopher House Uptown Child & Dom Dev,4701 N Winthrop Ave,Chicago,60640-5033,Licensed Child Care Center,Gold Circle of Quality,
Laurance Armour Day School,2150 W Harrison St,Chicago,60612-3706,Licensed Child Care Center,Gold Circle of Quality (PROVISIONAL),Provisional
Casa Central CSC Child Development Cente,1343 N California Ave,Chicago,60622-2803,Licensed Child Care Center,Gold Circle of Quality,
South Side YMCA,6330 S Stony Island Ave,Chicago,60637-3773,Licensed Child Care Center,Gold Circle of Quality,
Teddy Bear Day Care I,2649 W 51st St,Chicago,60632-1559,Licensed Child Care Center,Silver Circle of Quality,
"Kiddy Kare Pre-School, Inc.",4401 S Kedzie Ave,Chicago,60632-2814,Licensed Child Care Center,Gold Circle of Quality,
Grace Mission,5332 S Western Ave,Chicago,60609-5435,Licensed Child Care Center,Gold Circle of Quality,
Ounce of Prevention Fund-Educare Center,5044 S Wabash Ave,Chicago,60615-2117,Licensed Child Care Center,Gold Circle of Quality,
Corporate Child Care C.C.C.Learning Ctr.,610 S Canal St,Chicago,60607-4523,Licensed Child Care Center,Gold Circle of Quality,
Mc Cann's Day Care Center,8612 S Stony Island Ave,Chicago,60617-2735,Licensed Child Care Center,Silver Circle of Quality,
Eyes on the Future Child Care,6969 N Ravenswood Ave,Chicago,60626-3138,Licensed Child Care Center,Gold Circle of Quality,
Developmental Institute Inc,7037 S Stony Island Ave,Chicago,60649-1905,Licensed Child Care Center,Silver Circle of Quality,
Little Learner's Day Care Inc.,6255 S Mayfield Ave,Chicago,60638-4407,Licensed Child Care Center,Gold Circle of Quality,
Jolly Fun House Playschools,7559 W Addison St,Chicago,60634-3234,Licensed Child Care Center,Gold Circle of Quality (PROVISIONAL),Provisional
State of Illinois Child Development Ctr,160 N La Salle St Ste N200,Chicago,60601-3132,Licensed Child Care Center,Gold Circle of Quality,
Easter Seals Gilchrist Marchman CDC,1312 S Racine Ave,Chicago,60608-1462,Licensed Child Care Center,Gold Circle of Quality,
Onward Neighborhood House,5423 W Diversey Ave,Chicago,60639-1413,Licensed Child Care Center,Gold Circle of Quality,
Erie Community Center,1701 W Superior St,Chicago,60622-5646,Licensed Child Care Center,Gold Circle of Quality,
Freidheim Englewood Child& Family Center,1701 W 63rd St,Chicago,60636-2220,Licensed Child Care Center,Gold Circle of Quality,
Montessori Academy & Assoc Inc,11019 S Halsted St # 25,Chicago,60628-3908,Licensed Child Care Center,Silver Circle of Quality (PROVISIONAL),Provisional
Chicago Lawn Head Start,3001 W 59th St,Chicago,60629-2501,Licensed Child Care Center,Gold Circle of Quality,
Rauner YMCA,2700 S Western Ave,Chicago,60608-5294,Licensed Child Care Center,Gold Circle of Quality,
Howard Area Family Center,7510 N Ashland Ave,Chicago,60626-1702,Licensed Child Care Center,Gold Circle of Quality,
Chesterfield Tom Thumb Day Care Ctr-Kndg,9214 S Cottage Grove Ave,Chicago,60619-7706,Licensed Child Care Center,Silver Circle of Quality (PROVISIONAL),Provisional
Loop Learning Center Inc,2001 S Michigan Ave,Chicago,60616-1735,Licensed Child Care Center,Gold Circle of Quality,
Guadalupano Family Center,1814 S Paulina St,Chicago,60608-2719,Licensed Child Care Center,Gold Circle of Quality,
Ezzard Charles School,7946 S Ashland Ave,Chicago,60620-4335,Licensed Child Care Center,Gold Circle of Quality,
McKinley Trumbull Park Day Care,10534 S Oglesby Ave,Chicago,60617-6140,Licensed Child Care Center,Gold Circle of Quality,
The Children's Place Family Center,1800 N Humboldt Park Blvd,Chicago,60647,Licensed Child Care Center,Silver Circle of Quality,
Happy Holiday Nursery and Kindergarten,401 E 111th St,Chicago,60628-4501,Licensed Child Care Center,Gold Circle of Quality,
North Lawndale YMCA,3449 W Arthington St,Chicago,60624-4104,Licensed Child Care Center,Gold Circle of Quality,
Albany Park Headstart,5101 N Kimball Ave,Chicago,60625-4807,Licensed Child Care Center,Gold Circle of Quality,
Ada S McKinley Maggie Drummond,4301 S Wabash Ave,Chicago,60653-3118,Licensed Child Care Center,Gold Circle of Quality,
Little People Day Care & Kindergarten,7428 N Rogers Ave,Chicago,60626-1610,Licensed Child Care Center,Silver Circle of Quality,
Malcolm X College Child Development Cent,1900 W Van Buren St,Chicago,60612-3145,Licensed Child Care Center,Gold Circle of Quality,
El Hogar Del Nino/Cuidar,1710 S Loomis St # 18,Chicago,60608-2129,Licensed Child Care Center,Gold Circle of Quality,
"Creative Mansion Children's Academy,Inc.",4745 S Ellis Ave,Chicago,60615-1807,Licensed Child Care Center,Silver Circle of Quality,
"Little Tykes Pre-School, Inc.",1711 W 35th St,Chicago,60609-1224,Licensed Child Care Center,Silver Circle of Quality,
McKinley Roseland Head Start,11400 S Edbrooke Ave,Chicago,60628-4930,Licensed Child Care Center,Gold Circle of Quality,
George's Sunshine Preschool & Kindergart,2100 W Devon Ave,Chicago,60659-2106,Licensed Child Care Center,Silver Circle of Quality,
Albany Park Community Day Care Center,3401 W Ainslie St,Chicago,60625-5105,Licensed Child Care Center,Gold Circle of Quality,
Lake Shore School,5611 N Clark St # 21,Chicago,60660-4108,Licensed Child Care Center,Gold Circle of Quality,
Teddy Bear Nursery School #2,3473 W Columbus Ave,Chicago,60652-2537,Licensed Child Care Center,Silver Circle of Quality,
St. Joseph Day Care Center,4800 S Paulina St,Chicago,60609-4164,Licensed Child Care Center,Gold Circle of Quality,
A Step Ahead Learning Center,4208 - 20 N. Broadway,Chicago,60613-1610,Licensed Child Care Center,Gold Circle of Quality (PROVISIONAL),Provisional
High Ridge YMCA Small World,2424 W Touhy Ave,Chicago,60645-3397,Licensed Child Care Center,Gold Circle of Quality,
Hope for Youth Day Care,5900 W Iowa St,Chicago,60651-2527,Licensed Child Care Center,Bronze Circle of Quality,
Paulo Freire Center,1653 W 43rd St,Chicago,60609-3103,Licensed Child Care Center,Gold Circle of Quality,
McKinley Ersula Howard Child,7222 S Exchange Ave,Chicago,60649-2526,Licensed Child Care Center,Gold Circle of Quality,
Dorothy Sutton Branch Head Start,8601 S State St,Chicago,60619-5614,Licensed Child Care Center,Gold Circle of Quality,
Wabash YMCA School Age Program,3763 S Wabash Ave,Chicago,60653-1528,Licensed Child Care Center,Silver Circle of Quality (PROVISIONAL),Provisional
McCormick Tribune YMCA,1834 N Lawndale Ave,Chicago,60647-4700,Licensed Child Care Center,Gold Circle of Quality,
Wentworth Elementary,1340 W 71st St,Chicago,60636-4150,Preschool for All/Prevention Initiative,Gold Circle of Quality,
Burke Elem School,5356 S King Dr,Chicago,60615-3643,Preschool for All/Prevention Initiative,Silver Circle of Quality,
Charles J Sahs Elem School,5001 S Long Ave,Chicago,60638-1733,Preschool for All/Prevention Initiative,Gold Circle of Quality,
Azuela Elem School,4707 W Marquette Rd,Chicago,60629-5641,Preschool for All/Prevention Initiative,Gold Circle of Quality,
Barnard Elem Comp Math & Sci Ctr,10354 S Charles St,Chicago,60643-2998,Preschool for All/Prevention Initiative,Gold Circle of Quality,
Barton Elem School,7650 S Wolcott Ave,Chicago,60620-5227,Preschool for All/Prevention Initiative,Silver Circle of Quality,
Bass Elem School,1140 W 66th St,Chicago,60621-1240,Preschool for All/Prevention Initiative,Silver Circle of Quality,
Bateman Elem School,4220 N Richmond St,Chicago,60618-2616,Preschool for All/Prevention Initiative,Gold Circle of Quality,
Beidler Elem School,3151 W Walnut St,Chicago,60612-1836,Preschool for All/Prevention Initiative,Gold Circle of Quality,
Blair Early Childhood Center,6751 W 63rd Pl,Chicago,60638-4829,Preschool for All/Prevention Initiative,Gold Circle of Quality,
Bond Elem School,7050 S May St,Chicago,60621-1114,Preschool for All/Prevention Initiative,Silver Circle of Quality,
Boone Elem School,6710 N Washtenaw Ave,Chicago,60645-4511,Preschool for All/Prevention Initiative,Gold Circle of Quality,
Bouchet Elem Math & Science Acad,7355 S Jeffery Blvd,Chicago,60649-3121,Preschool for All/Prevention Initiative,Gold Circle of Quality,
Bradwell Comm Arts & Sci Elem Sch,7736 S Burnham Ave,Chicago,60649-4702,Preschool for All/Prevention Initiative,Silver Circle of Quality,
Brennemann Elem School,4251 N Clarendon Ave,Chicago,60613-1523,Preschool for All/Prevention Initiative,Gold Circle of Quality,
Brentano Elem Mat & Science Acad,2723 N Fairfield Ave,Chicago,60647-1827,Preschool for All/Prevention Initiative,Gold Circle of Quality,
Bridge Elem School,3800 N New England Ave,Chicago,60634-2346,Preschool for All/Prevention Initiative,Gold Circle of Quality,
Bright Elem School,10740 S Calhoun Ave,Chicago,60617-6418,Preschool for All/Prevention Initiative,Silver Circle of Quality,
Brighton Park Elem School,3825 S Washtenaw Ave,Chicago,60632-1633,Preschool for All/Prevention Initiative,Gold Circle of Quality,
Brunson Math & Sci Specialty Elem,932 N Central Ave,Chicago,60651-2705,Preschool for All/Prevention Initiative,Silver Circle of Quality,
Burbank Elem School,2035 N Mobile Ave,Chicago,60639-3809,Preschool for All/Prevention Initiative,Silver Circle of Quality,
Alcott Elem School,2625 N Orchard St,Chicago,60614-1573,Preschool for All/Prevention Initiative,Gold Circle of Quality,
Armstrong G Elem IntL Studies,2110 W Greenleaf Ave,Chicago,60645-3620,Preschool for All/Prevention Initiative,Gold Circle of Quality,
Audubon Elem School,3500 N Hoyne Ave,Chicago,60618-6112,Preschool for All/Prevention Initiative,Gold Circle of Quality,
Burley Elem School,1630 W Barry Ave,Chicago,60657-3016,Preschool for All/Prevention Initiative,Gold Circle of Quality,
Burnside Elem Scholastic Academy,650 E 91st Pl,Chicago,60619-7698,Preschool for All/Prevention Initiative,Silver Circle of Quality,
Burr Elem School,1621 W Wabansia Ave,Chicago,60622-1439,Preschool for All/Prevention Initiative,Gold Circle of Quality,
Caldwell Elem Acad of Math & Sci,8546 S Cregier Ave,Chicago,60617-2296,Preschool for All/Prevention Initiative,Silver Circle of Quality,
Calmeca Acad Elem School,3456 W 38th St,Chicago,60632-3304,Preschool for All/Prevention Initiative,Gold Circle of Quality,
Cameron Elem School,1234 N Monticello Ave,Chicago,60651-2217,Preschool for All/Prevention Initiative,Gold Circle of Quality,
Canty Elem School,3740 N Panama Ave,Chicago,60634-2021,Preschool for All/Prevention Initiative,Gold Circle of Quality,
Cardenas Elem School,2345 S Millard Ave,Chicago,60623-3110,Preschool for All/Prevention Initiative,Gold Circle of Quality,
Carroll Elem School,2929 W 83rd St,Chicago,60652-3400,Preschool for All/Prevention Initiative,Gold Circle of Quality,
Carson Elem School,5516 S Maplewood Ave,Chicago,60629-1023,Preschool for All/Prevention Initiative,Silver Circle of Quality,
Carter Elem School,5740 S Michigan Ave,Chicago,60637-1156,Preschool for All/Prevention Initiative,Silver Circle of Quality,
Carver Primary School,901 E 133rd Pl,Chicago,60827-1427,Preschool for All/Prevention Initiative,Gold Circle of Quality,
Cather Elem School,2908 W Washington Blvd,Chicago,60612-1934,Preschool for All/Prevention Initiative,Silver Circle of Quality,
Chalmers Elem Specialty School,2745 W Roosevelt Rd,Chicago,60608-1047,Preschool for All/Prevention Initiative,Silver Circle of Quality,
Chavez Elem Multicultural Acad Ct,4747 S Marshfield Ave,Chicago,60609-4159,Preschool for All/Prevention Initiative,Silver Circle of Quality,
Claremont Academy Elem School,2300 W 64th St,Chicago,60636-2458,Preschool for All/Prevention Initiative,Gold Circle of Quality,
Clay Elem School,13231 S Burley Ave,Chicago,60633-1492,Preschool for All/Prevention Initiative,Silver Circle of Quality,
Cleveland Elem School,3121 W Byron St,Chicago,60618-3403,Preschool for All/Prevention Initiative,Gold Circle of Quality,
Coleman J Elem Academy,1441 W 119th St,Chicago,60643-5094,Preschool for All/Prevention Initiative,Silver Circle of Quality,
Coonley Elem School,4046 N Leavitt St,Chicago,60618-2922,Preschool for All/Prevention Initiative,Gold Circle of Quality,
Cooper Elem Dual Language Academy,1624 W 19th St,Chicago,60608-2902,Preschool for All/Prevention Initiative,Gold Circle of Quality,
Corkery Elem School,2510 S Kidare Ave,Chicago,60623,Preschool for All/Prevention Initiative,Silver Circle of Quality,
Courtenay Elem Language Arts Ctr,4420 N Beacon St,Chicago,60640-5732,Preschool for All/Prevention Initiative,Gold Circle of Quality,
Crown Elem Comm Acd Fine Arts Ctr,2128 S Saint Louis Ave,Chicago,60623-3121,Preschool for All/Prevention Initiative,Gold Circle of Quality,
Curtis Elem School,32 E 115th St,Chicago,60628-5510,Preschool for All/Prevention Initiative,Gold Circle of Quality,
Darwin Elem School,3116 W Belden Ave,Chicago,60647-2806,Preschool for All/Prevention Initiative,Gold Circle of Quality,
Davis N Elem School,3014 W 39th Pl,Chicago,60632-2402,Preschool for All/Prevention Initiative,Silver Circle of Quality,
De Diego Elem Community Academy,1313 N Claremont Ave,Chicago,60622-2910,Preschool for All/Prevention Initiative,Gold Circle of Quality,
Depriest Elem School,139 S Parkside Ave,Chicago,60644-3944,Preschool for All/Prevention Initiative,Gold Circle of Quality,
Dett Elem School,2131 W Monroe St,Chicago,60612-3014,Preschool for All/Prevention Initiative,Gold Circle of Quality,
Dewey Elem Academy of Fine Arts,5415 S Union Ave,Chicago,60609-5244,Preschool for All/Prevention Initiative,Gold Circle of Quality,
Dirkson Elem School,8601 W Foster Ave,Chicago,60656-2721,Preschool for All/Prevention Initiative,Gold Circle of Quality,
Disney Elem Magnet School,4140 N Marine Dr,Chicago,60613-2311,Preschool for All/Prevention Initiative,Gold Circle of Quality,
Disney II Elem School,3815 N Kedvale Ave,Chicago,60641-3113,Preschool for All/Prevention Initiative,Gold Circle of Quality,
Dixon Elem School,8306 S Saint Lawrence Ave,Chicago,60619-5791,Preschool for All/Prevention Initiative,Silver Circle of Quality,
Dodge Elem School,431 N Troy St,Chicago,60612-1713,Preschool for All/Prevention Initiative,Gold Circle of Quality,
Dore Elem School,6108 S Natoma Ave,Chicago,60638-4116,Preschool for All/Prevention Initiative,Silver Circle of Quality,
Drake Elem School,2710 S Dearborn St,Chicago,60616-2684,Preschool for All/Prevention Initiative,Gold Circle of Quality,
Dubois Elem School,330 E 133rd St,Chicago,60827-1807,Preschool for All/Prevention Initiative,Silver Circle of Quality,
Dunne Technology Acad Elem Sch,10845 S Union Ave,Chicago,60628-3115,Preschool for All/Prevention Initiative,Silver Circle of Quality,
Durkin Park Elem School,8445 S Kolin Ave,Chicago,60652-3131,Preschool for All/Prevention Initiative,Silver Circle of Quality,
Dvorak Technology Acad Elem Sch,3615 W 16th St,Chicago,60623-2001,Preschool for All/Prevention Initiative,Silver Circle of Quality,
Earle Elem School,2040 W 62nd St,Chicago,60636-2153,Preschool for All/Prevention Initiative,Gold Circle of Quality,
Edwards Elem School,4815 S Karlov Ave,Chicago,60632-4123,Preschool for All/Prevention Initiative,Gold Circle of Quality,
Ellington Elem School,243 N Parkside Ave,Chicago,60644-2243,Preschool for All/Prevention Initiative,Gold Circle of Quality,
Ericson Elem Scholastic Academy,3600 W 5th Ave,Chicago,60624-3162,Preschool for All/Prevention Initiative,Gold Circle of Quality,
Everett Elem School,3419 S Bell Ave,Chicago,60608-6010,Preschool for All/Prevention Initiative,Silver Circle of Quality,
Falconer Elem School,3020 N Lamon Ave,Chicago,60641-5195,Preschool for All/Prevention Initiative,Gold Circle of Quality,
Farnesworth Elem School,5414 N Linder Ave,Chicago,60630-1329,Preschool for All/Prevention Initiative,Gold Circle of Quality,
Farragut Career Academy HS,2345 S Christiana Ave,Chicago,60623-3217,Preschool for All/Prevention Initiative,Silver Circle of Quality,
Finkl Elem School,2332 S Western Ave,Chicago,60608-3818,Preschool for All/Prevention Initiative,Silver Circle of Quality,
Fiske Elem School,6020 S Langley Ave,Chicago,60637-2595,Preschool for All/Prevention Initiative,Silver Circle of Quality,
Fulton Elem School,5300 S Hermitage Ave,Chicago,60609-5726,Preschool for All/Prevention Initiative,Silver Circle of Quality,
Oglesby Elem School,7646 S Green St,Chicago,60620-2854,Preschool for All/Prevention Initiative,Silver Circle of Quality,
OKeeffe Elem School,6940 S Merrill Ave,Chicago,60649-1721,Preschool for All/Prevention Initiative,Gold Circle of Quality,
Gale Elem Community Academy,1631 W Jonquil Ter,Chicago,60626-1103,Preschool for All/Prevention Initiative,Gold Circle of Quality,
Otis Elem School,525 N Armour St,Chicago,60642-6105,Preschool for All/Prevention Initiative,Silver Circle of Quality,
Garcia Lorca Elem School,3231 N Springfield Ave,Chicago,60618-5109,Preschool for All/Prevention Initiative,Gold Circle of Quality,
OToole Elem School,6550 S Seeley Ave,Chicago,60636-2500,Preschool for All/Prevention Initiative,Silver Circle of Quality,
Gary Elem School,3740 W 31st St,Chicago,60623-5035,Preschool for All/Prevention Initiative,Gold Circle of Quality,
Park Manor Elem School,7037 S Rhodes Ave,Chicago,60637-4617,Preschool for All/Prevention Initiative,Silver Circle of Quality,
Parker Elem Community Academy,6800 S Stewart Ave,Chicago,60621-2441,Preschool for All/Prevention Initiative,Silver Circle of Quality,
Pasteur Elem School,5825 S Kostner Ave,Chicago,60629-5238,Preschool for All/Prevention Initiative,Silver Circle of Quality,
Penn Elem School,1616 S Avers Ave,Chicago,60623-2401,Preschool for All/Prevention Initiative,Silver Circle of Quality,
Pershing Elem Humanities Magnet,3200 S Calumet Ave,Chicago,60616-4866,Preschool for All/Prevention Initiative,Silver Circle of Quality,
Piccolo Elem Specialty School,1040 N Keeler Ave,Chicago,60651-3514,Preschool for All/Prevention Initiative,Silver Circle of Quality,
Portage Park Elem School,5330 W Berteau Ave,Chicago,60641-1398,Preschool for All/Prevention Initiative,Gold Circle of Quality,
Prieto Math-Science Elem Sch,2231 N Central Ave,Chicago,60639-2956,Preschool for All/Prevention Initiative,Silver Circle of Quality,
Prussing Elem School,4650 N Menard Ave,Chicago,60630-3348,Preschool for All/Prevention Initiative,Gold Circle of Quality,
Reavis Elem Math & Sci Spec Schl,834 E 50th St,Chicago,60615-2620,Preschool for All/Prevention Initiative,Gold Circle of Quality,
Reinberg Elem School,3425 N Major Ave,Chicago,60634-4334,Preschool for All/Prevention Initiative,Gold Circle of Quality,
Ruggles Elem School,7831 S Prairie Ave,Chicago,60619-2893,Preschool for All/Prevention Initiative,Silver Circle of Quality,
Ryder Elem Math & Sci Spec School,8716 S Wallace St,Chicago,60620-2124,Preschool for All/Prevention Initiative,Gold Circle of Quality,
Salazar Elem Bilingual Center,160 W Wendell St,Chicago,60610-2727,Preschool for All/Prevention Initiative,Gold Circle of Quality,
Green W Elem School,1150 W 96th St,Chicago,60643-1461,Preschool for All/Prevention Initiative,Silver Circle of Quality,
Sandoval Elem School,5534 S Saint Louis Ave,Chicago,60629-3810,Preschool for All/Prevention Initiative,Silver Circle of Quality,
Scammon Elem School,4201 W Henderson St,Chicago,60641-4627,Preschool for All/Prevention Initiative,Gold Circle of Quality,
Gregory Math & Sci Elem Academy,3715 W Polk St,Chicago,60624-4016,Preschool for All/Prevention Initiative,Silver Circle of Quality,
Gresham Elem School,8524 S Green St,Chicago,60620-3234,Preschool for All/Prevention Initiative,Silver Circle of Quality,
Schmid Elem School,9755 S Greenwood Ave,Chicago,60628-1610,Preschool for All/Prevention Initiative,Gold Circle of Quality,
Schubert Elem School,2727 N Long Ave,Chicago,60639-1529,Preschool for All/Prevention Initiative,Silver Circle of Quality,
Sherman Elem School,1000 W 52nd St,Chicago,60609-6012,Preschool for All/Prevention Initiative,Silver Circle of Quality,
Sherwood Elem School,245 W 57th St,Chicago,60621-4055,Preschool for All/Prevention Initiative,Silver Circle of Quality,
Grimes Elem School,5450 W 64th Pl,Chicago,60638-5634,Preschool for All/Prevention Initiative,Silver Circle of Quality,
Skinner Elem School,111 S Throop St,Chicago,60607-2530,Preschool for All/Prevention Initiative,Silver Circle of Quality,
Smyser Elem School,4310 N Melvina Ave,Chicago,60634-1542,Preschool for All/Prevention Initiative,Gold Circle of Quality,
Smyth J Elem School,1059 W 13th St,Chicago,60608-1526,Preschool for All/Prevention Initiative,Silver Circle of Quality,
Gunsaulus Elem Scholastic Academy,4420 S Sacramento Ave,Chicago,60632-2509,Preschool for All/Prevention Initiative,Gold Circle of Quality,
South Loop Elem School,1212 S Plymouth Ct,Chicago,60605-2718,Preschool for All/Prevention Initiative,Gold Circle of Quality,
South Shore Fine Arts Elem Sch,1415 E 70th St,Chicago,60637-4879,Preschool for All/Prevention Initiative,Silver Circle of Quality,
Hale Elem School,6140 S Melvina Ave,Chicago,60638-4300,Preschool for All/Prevention Initiative,Silver Circle of Quality,
Stevenson Elem School,8010 S Kostner Ave,Chicago,60652-2110,Preschool for All/Prevention Initiative,Gold Circle of Quality,
Stock Early Childhood Center,7507 W Birchwood Ave,Chicago,60631-4322,Preschool for All/Prevention Initiative,Gold Circle of Quality,
Stowe Elem School,3444 W Wabansia Ave,Chicago,60647-4813,Preschool for All/Prevention Initiative,Gold Circle of Quality,
Hamline Elem School,4747 S Bishop St,Chicago,60609-4206,Preschool for All/Prevention Initiative,Silver Circle of Quality,
Hammond Elem School,2819 W 21st Pl,Chicago,60623-3503,Preschool for All/Prevention Initiative,Gold Circle of Quality,
Tanner Elem School,7350 S Evans Ave,Chicago,60619-1990,Preschool for All/Prevention Initiative,Silver Circle of Quality,
Tarkington Elem School,3330 W 71st St,Chicago,60629-3503,Preschool for All/Prevention Initiative,Silver Circle of Quality,
Thomas Early Childhood Center,3625 S Hoyne Ave,Chicago,60609-1147,Preschool for All/Prevention Initiative,Gold Circle of Quality,
Tilton Elem School,223 N Keeler Ave,Chicago,60624-2209,Preschool for All/Prevention Initiative,Silver Circle of Quality,
Tonti Elem School,5815 S Homan Ave,Chicago,60629-3636,Preschool for All/Prevention Initiative,Gold Circle of Quality,
Hanson Park Elem School,5411 W Fullerton Ave,Chicago,60639-1459,Preschool for All/Prevention Initiative,Silver Circle of Quality,
Vick Early Childhood & Family Ctr,2554 W 113th St,Chicago,60655-1430,Preschool for All/Prevention Initiative,Gold Circle of Quality,
Volta Elem School,4950 N Avers Ave,Chicago,60625-6011,Preschool for All/Prevention Initiative,Gold Circle of Quality,
Walsh Elem School,2015 S Peoria St,Chicago,60608-3432,Preschool for All/Prevention Initiative,Gold Circle of Quality,
Ward J Elem School,2701 S Shields Ave,Chicago,60616-2624,Preschool for All/Prevention Initiative,Silver Circle of Quality,
Ward L Elem School,646 N Lawndale Ave,Chicago,60624-1254,Preschool for All/Prevention Initiative,Gold Circle of Quality,
Warren Elem School,9239 S Jeffery Ave,Chicago,60617-3795,Preschool for All/Prevention Initiative,Silver Circle of Quality,
Washington G Elem School,3611 E 114th St,Chicago,60617-7498,Preschool for All/Prevention Initiative,Gold Circle of Quality,
Webster Elem School,4055 W Arthington St,Chicago,60624-3502,Preschool for All/Prevention Initiative,Silver Circle of Quality,
Wells Preparatory Elem Academy,249 E 37th St,Chicago,60653-1001,Preschool for All/Prevention Initiative,Silver Circle of Quality,
West Park Elem Academy,1425 N Tripp Ave,Chicago,60651-1829,Preschool for All/Prevention Initiative,Gold Circle of Quality,
Healy Elem School,3010 S Parnell Ave,Chicago,60616-3199,Preschool for All/Prevention Initiative,Silver Circle of Quality,
Hearst Elem School,4640 S Lamon Ave,Chicago,60638-2044,Preschool for All/Prevention Initiative,Gold Circle of Quality,
Hedges Elem School,4747 S Winchester Ave,Chicago,60609-4140,Preschool for All/Prevention Initiative,Silver Circle of Quality,
Henderson Elem School,5650 S Wolcott Ave,Chicago,60636-1127,Preschool for All/Prevention Initiative,Silver Circle of Quality,
Henry Elem School,4250 N Saint Louis Ave,Chicago,60618-1121,Preschool for All/Prevention Initiative,Gold Circle of Quality,
Herzl Elem School,3711 W Douglas Blvd,Chicago,60623-1413,Preschool for All/Prevention Initiative,Silver Circle of Quality,
Hibbard Elem School,3244 W Ainslie St,Chicago,60625-5018,Preschool for All/Prevention Initiative,Silver Circle of Quality,
White Elem Career Academy,1136 W 122nd St,Chicago,60643-5542,Preschool for All/Prevention Initiative,Silver Circle of Quality,
Whitney Elem School,2815 S Komensky Ave,Chicago,60623-4450,Preschool for All/Prevention Initiative,Gold Circle of Quality,
Whittier Elem School,1900 W 23rd St,Chicago,60608-4208,Preschool for All/Prevention Initiative,Gold Circle of Quality,
Hurley Elem School,3849 W 69th Pl,Chicago,60629-4210,Preschool for All/Prevention Initiative,Gold Circle of Quality,
Yates Elem School,1839 N Richmond St,Chicago,60647-5125,Preschool for All/Prevention Initiative,Silver Circle of Quality,
Jackson M Elem School,917 W 88th St,Chicago,60620-3204,Preschool for All/Prevention Initiative,Silver Circle of Quality,
Young Elem School,1434 N Parkside Ave,Chicago,60651-1106,Preschool for All/Prevention Initiative,Gold Circle of Quality,
Jenner Elem Academy of the Arts,1119 N Cleveland Ave,Chicago,60610-2426,Preschool for All/Prevention Initiative,Silver Circle of Quality,
McCutcheon Elem School,4865 N Sheridan Rd,Chicago,60640-3717,Preschool for All/Prevention Initiative,Gold Circle of Quality,
McDowell Elem School,1419 E 89th St,Chicago,60619-7196,Preschool for All/Prevention Initiative,Silver Circle of Quality,
Johnson Elem School,1420 S Albany Ave,Chicago,60623-2205,Preschool for All/Prevention Initiative,Gold Circle of Quality,
McKay Elem School,6901 S Fairfield Ave,Chicago,60629-1912,Preschool for All/Prevention Initiative,Gold Circle of Quality,
McPherson Elem School,4728 N Wolcott Ave,Chicago,60640-4364,Preschool for All/Prevention Initiative,Gold Circle of Quality,
Melody Elem School,3937 W Wilcox St,Chicago,60624-2833,Preschool for All/Prevention Initiative,Gold Circle of Quality,
Jungman Elem School,1746 S Miller St,Chicago,60608-2313,Preschool for All/Prevention Initiative,Silver Circle of Quality,
Kanoon Elem Magnet School,2233 S Kedzie Ave,Chicago,60623-3317,Preschool for All/Prevention Initiative,Silver Circle of Quality,
Kellman Corporate Community Elem,3030 W Arthington St,Chicago,60612-3903,Preschool for All/Prevention Initiative,Silver Circle of Quality,
Monroe Elem School,3651 W Schubert Ave,Chicago,60647-1157,Preschool for All/Prevention Initiative,Silver Circle of Quality,
Morrill Elem Math & Sci School,6011 S Rockwell St,Chicago,60629-1133,Preschool for All/Prevention Initiative,Silver Circle of Quality,
Kilmer Elem School,6700 N Greenview Ave,Chicago,60626-4208,Preschool for All/Prevention Initiative,Gold Circle of Quality,
King Academy of Social Justice,644 W 71st St,Chicago,60621-2357,Preschool for All/Prevention Initiative,Gold Circle of Quality,
Lara Elem Academy,4619 S Wolcott Ave,Chicago,60609-3855,Preschool for All/Prevention Initiative,Silver Circle of Quality,
Nixon Elem School,2121 N Keeler Ave,Chicago,60639-3603,Preschool for All/Prevention Initiative,Gold Circle of Quality,
Lawndale Elem Community Academy,3500 W Douglas Blvd,Chicago,60623-1634,Preschool for All/Prevention Initiative,Gold Circle of Quality,
Lee Elem School,6448 S Tripp Ave,Chicago,60629-5121,Preschool for All/Prevention Initiative,Gold Circle of Quality,
Leland Elem School,512 S Lavergne Ave,Chicago,60644-4948,Preschool for All/Prevention Initiative,Silver Circle of Quality,
Lewis Elem School,1431 N Leamington Ave,Chicago,60651-1444,Preschool for All/Prevention Initiative,Silver Circle of Quality,
Linne Elem School,3221 N Sacramento Ave,Chicago,60618-5825,Preschool for All/Prevention Initiative,Gold Circle of Quality,
Little Village Elem School,2620 N Lamon Ave,Chicago,60639,Preschool for All/Prevention Initiative,Silver Circle of Quality,
Logandale Middle School,3212 W George St,Chicago,60618-7529,Preschool for All/Prevention Initiative,Gold Circle of Quality,
Lovett Elem School,6333 W Bloomingdale Ave,Chicago,60639-3817,Preschool for All/Prevention Initiative,Silver Circle of Quality,
Lowell Elem School,3320 W Hirsch St,Chicago,60651-2361,Preschool for All/Prevention Initiative,Gold Circle of Quality,
Madison Elem School,7433 S Dorchester Ave,Chicago,60619-2194,Preschool for All/Prevention Initiative,Silver Circle of Quality,
Marquette Elem School,8050 S Chappel Ave,Chicago,60617-1091,Preschool for All/Prevention Initiative,Gold Circle of Quality,
Marsh Elem School,9822 S Exchange Ave,Chicago,60617,Preschool for All/Prevention Initiative,Gold Circle of Quality,
Mason Elem School,4217 W 18th St,Chicago,60623-2325,Preschool for All/Prevention Initiative,Silver Circle of Quality,
McAuliffe Elem School,1841 N Springfield Ave,Chicago,60647-4600,Preschool for All/Prevention Initiative,Gold Circle of Quality,
McLellan Elem School,3527 S Wallace St,Chicago,60609-1737,Preschool for All/Prevention Initiative,Gold Circle of Quality,
McCormick Elem School,2712 S Sawyer Ave,Chicago,60623-4738,Preschool for All/Prevention Initiative,Gold Circle of Quality,
Carole Robertson Center for Le,2929 W 19th St,Chicago,60623-2240,Licensed Child Care Center,Gold Circle of Quality,
New Concept School,7825 S Ellis Ave,Chicago,60619-3294,Licensed Child Care Center,Gold Circle of Quality,
Drummond Elementary School,1845 W Cortland St,Chicago,60622-1036,Preschool for All/Prevention Initiative,Gold Circle of Quality,
Suder Montessori Elementary Magnet School,2022 W Washington Blvd,Chicago,60612-2429,Preschool for All/Prevention Initiative,Gold Circle of Quality,
Inter-American Elementary Magnet School,851 W Waveland Ave,Chicago,60613-4301,Preschool for All/Prevention Initiative,Gold Circle of Quality,
Mayer Elementary School,2250 N Clifton Ave,Chicago,60614-3523,Preschool for All/Prevention Initiative,Gold Circle of Quality,
Kindercare Learning Center 301584,1501 S State St,Chicago,60605-2804,Licensed Child Care Center,Gold Circle of Quality,
Ravenswood Community Child Care Center,4908 N Damen Ave,Chicago,60625-1415,Licensed Child Care Center,Gold Circle of Quality,
The Preschool Center at C.C.C. Society,5467 S University Ave,Chicago,60615-5114,Licensed Child Care Center,Gold Circle of Quality,
Taylor Center for New Experiences,1633 N Hamlin Ave,Chicago,60647-4607,Licensed Child Care Center,Gold Circle of Quality,
Stepping Stone Early Childhood Learning,1300 E 75th St,Chicago,60619-1420,Licensed Child Care Center,Gold Circle of Quality,
Little Kiddies Day Care Center,1503 W Devon Ave,Chicago,60660-1313,Licensed Child Care Center,Silver Circle of Quality (PROVISIONAL),Provisional
"A-Karrasel Enterprises, Inc.",3420 W Fullerton Ave,Chicago,60647-2416,Licensed Child Care Center,Silver Circle of Quality,
Galewood School Inc.,5504 W Fullerton Ave,Chicago,60639-1329,Licensed Child Care Center,Silver Circle of Quality,
Florence G. Heller Jewish Comm. Center,524 W Melrose St,Chicago,60657-3752,Licensed Child Care Center,Gold Circle of Quality,
A Karrasel Nursery School & Kindergarten,3030 N Kedzie Ave,Chicago,60618-6907,Licensed Child Care Center,Silver Circle of Quality (PROVISIONAL),Provisional
Chin.Amer.Ser.Lge. Child Dev/Sch Age Ctr,2141 S Tan Ct,Chicago,60616-1998,Licensed Child Care Center,Gold Circle of Quality,
The Children's Ctr for Creative Learning,7954 S Western Ave # 7958,Chicago,60620-5911,Licensed Child Care Center,Gold Circle of Quality,
"Kid'z Colony Day Care, Inc.",6287 S Archer Ave # 95,Chicago,60638-2547,Licensed Child Care Center,Gold Circle of Quality,
All About Kids Learning Academy Inc,514 E 75th St,Chicago,60619-2204,Licensed Child Care Center,Silver Circle of Quality,
"ABC & Me Daycare Center, Inc",4714 N Sheridan Rd,Chicago,60640-5022,Licensed Child Care Center,Gold Circle of Quality,
Cordi Marian Center,1100 S May St,Chicago,60607-4229,Licensed Child Care Center,Gold Circle of Quality,
Teddy Bear Day Care Center,5160 S Pulaski Rd,Chicago,60632-4253,Licensed Child Care Center,Silver Circle of Quality (PROVISIONAL),Provisional
Roseland Child Development Center,461 E 111th St,Chicago,60628-4558,Licensed Child Care Center,Gold Circle of Quality,
Concordia Place,3855 N Seeley Ave,Chicago,60618-3911,Licensed Child Care Center,Gold Circle of Quality,
Metropolitan Fam Srvs Children's Center,3215 W 63rd St,Chicago,60629-3354,Licensed Child Care Center,Gold Circle of Quality,
Wee Wee Center for Creative Learning,2434 W 71st St,Chicago,60629-1447,Licensed Child Care Center,Gold Circle of Quality,
Diversey Day Care Center & Kindergarten,3155 W Diversey Ave,Chicago,60647-1557,Licensed Child Care Center,Silver Circle of Quality,
Marshall YMCA,3250 W Adams St,Chicago,60624-2901,Licensed Child Care Center,Gold Circle of Quality,
Blaine Elem School,1420 W Grace St,Chicago,60613-2802,Preschool for All/Prevention Initiative,Gold Circle of Quality,
"South-East Asia Center, Broadway",5120 N Broadway St,Chicago,60640-3004,Licensed Child Care Center,Gold Circle of Quality,
Little Kids Village Learning II,2656 W 71st St,Chicago,60629-2053,Licensed Child Care Center,Silver Circle of Quality,
It Takes A Village Services Inc,4000 W Division St,Chicago,60651-1903,Licensed Child Care Center,Silver Circle of Quality,
Kimball Day Care Center & Kindergarten,1636 N Kimball Ave # 38,Chicago,60647-4804,Licensed Child Care Center,Silver Circle of Quality,
Christopher House Logan Square,3255 W Altgeld St,Chicago,60647-2566,Licensed Child Care Center,Gold Circle of Quality,
Midway Head Start Center,6422 S Kedzie Ave,Chicago,60629-2857,Licensed Child Care Center,Gold Circle of Quality,
Kershaw Elementary Head Start,6450 S Lowe Ave,Chicago,60621-2706,Preschool for All/Prevention Initiative,Gold Circle of Quality,
Concordia Place,3300 N Whipple St,Chicago,60618-5718,Licensed Child Care Center,Gold Circle of Quality,
Rogers Park Children's Center,1754 W Devon Ave # 56,Chicago,60660-1130,Licensed Child Care Center,Gold Circle of Quality,
Higher Learning Daycare & Education Ctr,2526 E 73rd St,Chicago,60649-2641,Licensed Child Care Center,Silver Circle of Quality (PROVISIONAL),Provisional
Toddler Town DayCare Too,5934 W Diversey Ave,Chicago,60639-1138,Licensed Child Care Center,Gold Circle of Quality,
Ezzard Charles Nursery Center,7949 S Ashland Ave,Chicago,60620-4336,Licensed Child Care Center,Gold Circle of Quality,
First Start Childcare Academy,4753 W Washington Blvd # 59,Chicago,60644-3620,Licensed Child Care Center,Silver Circle of Quality,
Albany Child Care Center,5954 S Albany Ave,Chicago,60629-2509,Licensed Child Care Center,Gold Circle of Quality,
Jellybean Learning Center,8501 S Ashland Ave,Chicago,60620-4710,Licensed Child Care Center,Silver Circle of Quality,
Winthrop Children's Center,4848 N Winthrop Ave,Chicago,60640-3616,Licensed Child Care Center,Gold Circle of Quality,
KCLC DBA University Childrens Ctr,446 E Ontario St,Chicago,60611-4418,Licensed Child Care Center,Gold Circle of Quality,
Little Folks Day Care,2527 E 73rd St,Chicago,60649-2616,Licensed Child Care Center,Silver Circle of Quality,
Mary Crane Morse Site,1545 W Morse Ave,Chicago,60626-3306,Licensed Child Care Center,Gold Circle of Quality,
The Lutheran Day Nursery of Chicago,1802 - 1808 North Fairfield,Chicago,60647-4214,Licensed Child Care Center,Gold Circle of Quality,
Little Hands Child Creative Center,7146 S Ashland Ave # 48,Chicago,60636-3914,Licensed Child Care Center,Silver Circle of Quality,
Edgewater Early Learning Center,5244 N Lakewood Ave,Chicago,60640-2221,Licensed Child Care Center,Gold Circle of Quality,
"Whiz Kids Nursery Center, Inc",514 518 W 103rd St,Chicago,60628-2404,Licensed Child Care Center,Silver Circle of Quality,
Little Angels Learning Center,6701 S Emerald Ave,Chicago,60621-2509,Licensed Child Care Center,Silver Circle of Quality (PROVISIONAL),Provisional
Centers for New Horizons Inc Effie Ellis,4301 S Cottage Grove Ave,Chicago,60653-3513,Licensed Child Care Center,Gold Circle of Quality,
Lloyd Elem School,2103 N Lamon Ave,Chicago,60639-3238,Preschool for All/Prevention Initiative,Gold Circle of Quality,
1st Lutheran H.S. Prog/Logan Square YMCA,3500 W Fullerton Ave,Chicago,60647-2418,Licensed Child Care Center,Gold Circle of Quality,
Channing's Child Care Academy,5701 W Division St,Chicago,60651-1115,Licensed Child Care Center,Silver Circle of Quality (PROVISIONAL),Provisional
Happy Kids Learning Center,4545 N Kedzie Ave,Chicago,60625-4510,Licensed Child Care Center,Silver Circle of Quality,
Young Achievers Academy,518 E 79th St # 520,Chicago,60619-3002,Licensed Child Care Center,Gold Circle of Quality (PROVISIONAL),Provisional
"Imani Childrens Academy, Inc.",11443 S Halsted St,Chicago,60628-5201,Licensed Child Care Center,Gold Circle of Quality,
Bridgeport Child Development Center II,514 W 31st St,Chicago,60616-3106,Licensed Child Care Center,Gold Circle of Quality,
Gallistel State Pre-K/Elem Language Academy,10347 S Ewing Ave,Chicago,60617-6028,Preschool for All/Prevention Initiative,Silver Circle of Quality,
Higgins Head Start/Elem Community Academy,11710 S Morgan St,Chicago,60643-5249,Preschool for All/Prevention Initiative,Silver Circle of Quality,
Whistler School,11533 S Ada St,Chicago,60643-5198,Preschool for All/Prevention Initiative,Silver Circle of Quality,
Kozminski Elem Community Academy,936 E 54th St,Chicago,60615-5074,Preschool for All/Prevention Initiative,Silver Circle of Quality,
"Little Genius Community DCC, Inc.",11439 S Michigan Ave,Chicago,60628-4901,Licensed Child Care Center,Silver Circle of Quality,
Allison's Infant & Toddler Center,5522 S Racine Ave,Chicago,60636-1422,Licensed Child Care Center,Gold Circle of Quality,
Children International Academy,5858 W Roosevelt Rd,Chicago,60644-1470,Licensed Child Care Center,Silver Circle of Quality (PROVISIONAL),Provisional
"Brite New Mind Day Care Center, Inc",112 E 51st St,Chicago,60615-2107,Licensed Child Care Center,Gold Circle of Quality,
New Pisgah Day Care,8128 S Racine Ave,Chicago,60620-3013,Licensed Child Care Center,Silver Circle of Quality,
Teddy Bear Nursery School #3,6401 S Pulaski Rd,Chicago,60629-5133,Licensed Child Care Center,Silver Circle of Quality (PROVISIONAL),Provisional
Allison's Infant & Toddler Center,234 E 115th St,Chicago,60628-5015,Licensed Child Care Center,Gold Circle of Quality,
Metcalfe Elementary Community Academy,12239 S Normal Ave,Chicago,60628-6403,Preschool for All/Prevention Initiative,Gold Circle of Quality,
Fuller Head Start/Elem School,4214 S Saint Lawrence Ave,Chicago,60653-2926,Preschool for All/Prevention Initiative,Silver Circle of Quality,
Robinson Elementary School,4225 S Lake Park Ave,Chicago,60653-3064,Preschool for All/Prevention Initiative,Gold Circle of Quality,
Northwestern University Settlement Assn.,1400 W Augusta Blvd,Chicago,60642-3939,Licensed Child Care Center,Gold Circle of Quality,
KACS Early Childhood Center,4300 N California Ave,Chicago,60618-1514,Licensed Child Care Center,Gold Circle of Quality,
The Learning Tree Preschool II,8233 S Pulaski Rd,Chicago,60652-2927,Licensed Child Care Center,Silver Circle of Quality,
Metropolitan Family SVCS N Children Ctr,3255 N Central Ave,Chicago,60634-4360,Licensed Child Care Center,Gold Circle of Quality,
Near South Side Child Dev Center,2230 S Federal St,Chicago,60616-2044,Licensed Child Care Center,Gold Circle of Quality,
Kindercare Learning Center #070456,3855 N Elston Ave,Chicago,60618-4232,Licensed Child Care Center,Gold Circle of Quality,
Saucedo Elem Scholastic Academy,2850 W 24th Blvd,Chicago,60623-3508,Preschool for All/Prevention Initiative,Gold Circle of Quality,
Jeanne Kenney YMCA Day Care Center,7600 S Parnell Ave,Chicago,60620-1824,Licensed Child Care Center,Gold Circle of Quality,
Eyes On The Future Child Care Center,7015 N Ravenswood Ave,Chicago,60626-2301,Licensed Child Care Center,Gold Circle of Quality (PROVISIONAL),Provisional
Little Bear Day Care LLC,6411-6413 & 6415 South Pulaski,Chicago,60629,Licensed Child Care Center,Silver Circle of Quality,
Happy Kids Preschool&Daycare Center LLC,7622 W Belmont Ave,Chicago,60634-3287,Licensed Child Care Center,Silver Circle of Quality,
Prodigy Child Learning Center,1921 E 79th St,Chicago,60649-4619,Licensed Child Care Center,Silver Circle of Quality (PROVISIONAL),Provisional
Little Einsteinss Daycare Inc,3640 W Wrightwood Ave # 3644,Chicago,60647-1153,Licensed Child Care Center,Silver Circle of Quality (PROVISIONAL),Provisional
Our Lady of Tepeyac,2414 S Albany Ave,Chicago,60623-4103,Licensed Child Care Center,Gold Circle of Quality,
Allison's Infant and Toddler Center,440 E 71st St # 442,Chicago,60619-1129,Licensed Child Care Center,Gold Circle of Quality,
Gina's Unbelievable Learning Center,7239 S Dobson Ave,Chicago,60619-1300,Licensed Child Care Center,Gold Circle of Quality,
North Kenwood Day Care Center,516 E 43rd St # 518,Chicago,60653-2920,Licensed Child Care Center,Silver Circle of Quality,
Albany Park Community Center-Uptown,1020 W Bryn Mawr Ave,Chicago,60660-4627,Licensed Child Care Center,Gold Circle of Quality,
Bernice E. Lavin Children's Care Center,441 E Ontario St,Chicago,60611-3019,Licensed Child Care Center,Gold Circle of Quality,
YMCA Orr Family Development Center,730 N Pulaski Rd,Chicago,60624-1063,Licensed Child Care Center,Gold Circle of Quality,
North Star Child Development Inc,4341 W North Ave,Chicago,60639-4854,Licensed Child Care Center,Silver Circle of Quality,
Pulaski Intl Sch of Chicago,2230 W McLean Ave,Chicago,60647-4410,Preschool for All/Prevention Initiative,Gold Circle of Quality,
Nightingale Elem School,5250 S Rockwell St,Chicago,60632-1540,Preschool for All/Prevention Initiative,Gold Circle of Quality,
Shields Elem School,4250 S Rockwell St,Chicago,60632-1216,Preschool for All/Prevention Initiative,Silver Circle of Quality,
North River Elem School,4416 N Troy St,Chicago,60625,Preschool for All/Prevention Initiative,Gold Circle of Quality,
Talcott Elem School,1840 W Ohio St,Chicago,60622-5505,Preschool for All/Prevention Initiative,Gold Circle of Quality,
Moos Elem School,1711 N California Ave,Chicago,60647-5103,Preschool for All/Prevention Initiative,Silver Circle of Quality,
Jordan Elem Community School,7414 N Wolcott Ave,Chicago,60626-1519,Preschool for All/Prevention Initiative,Gold Circle of Quality,
Peck Elementary School,3826 W 58th St,Chicago,60629-3849,Preschool for All/Prevention Initiative,Gold Circle of Quality,
New Field School,1707 W Morse Ave,Chicago,60626-3203,Preschool for All/Prevention Initiative,Gold Circle of Quality,
Zapata Elem Academy,2728 S Kostner Ave,Chicago,60623-4218,Preschool for All/Prevention Initiative,Silver Circle of Quality,
Salvation Army Incarnation - Head Start,1345 N Karlov Ave,Chicago,60651-1958,Licensed Child Care Center,Gold Circle of Quality,
Ninos Heroes Elem Academic Ctr,8344 S Commercial Ave,Chicago,60617-2145,Preschool for All/Prevention Initiative,Gold Circle of Quality,
Seward Elem Communication Arts Ac,4600 S Hermitage Ave,Chicago,60609-3831,Preschool for All/Prevention Initiative,Silver Circle of Quality,
Spencer Technology Acad Elem Sch,214 N Lavergne Ave,Chicago,60644-2517,Preschool for All/Prevention Initiative,Silver Circle of Quality,
Morton Elem Career Academy,431 N Troy St,Chicago,60612-1713,Preschool for All/Prevention Initiative,Silver Circle of Quality,
Nettelhorst School,3252 N Broadway St,Chicago,60657-3521,Preschool for All/Prevention Initiative,Gold Circle of Quality,
Centers for New Horizons Ida B Wells,3901 S State St,Chicago,60609-2906,Licensed Child Care Center,Gold Circle of Quality,
Stagg Elem School,7424 S Morgan St,Chicago,60621-1047,Preschool for All/Prevention Initiative,Silver Circle of Quality,
UIC Children's Center-II,1919 W Taylor St,Chicago,60612-7246,Licensed Child Care Center,Gold Circle of Quality,
Jellybean Learning Center III,7419 S Cottage Grove Ave,Chicago,60619-1911,Licensed Child Care Center,Silver Circle of Quality,
Chase Elementary School/Head Start,2021 N Point St,Chicago,60647-4016,Preschool for All/Prevention Initiative,Gold Circle of Quality,
Addams Elem School,10810 S Avenue H,Chicago,60617-6726,Preschool for All/Prevention Initiative,Gold Circle of Quality,
Agassiz Elem School,2851 N Seminary Ave,Chicago,60657-4363,Preschool for All/Prevention Initiative,Gold Circle of Quality,
Aldridge Elem School,630 E 131st St,Chicago,60827-1398,Preschool for All/Prevention Initiative,Gold Circle of Quality,
Armour Elem School,950 W 33rd Pl,Chicago,60608-6787,Preschool for All/Prevention Initiative,Gold Circle of Quality,
Avalon Park Elem School,8045 S Kenwood Ave,Chicago,60619-3494,Preschool for All/Prevention Initiative,Gold Circle of Quality,
Barry Elem School,2828 N Kilbourn Ave,Chicago,60641-5381,Preschool for All/Prevention Initiative,Gold Circle of Quality,
Nicholson Technology Acad Elem Sch,6006 S Peoria St,Chicago,60621-2195,Preschool for All/Prevention Initiative,Gold Circle of Quality,
Beaubien Elem School,5025 N Laramie Ave,Chicago,60630-2326,Preschool for All/Prevention Initiative,Gold Circle of Quality,
Belding Elem School,4257 N Tripp Ave,Chicago,60641-2086,Preschool for All/Prevention Initiative,Gold Circle of Quality,
Haley Elem Academy,11411 S Eggleston Ave,Chicago,60628-4700,Preschool for All/Prevention Initiative,Gold Circle of Quality,
Brown W Elem School,54 N Hermitage Ave,Chicago,60612-2699,Preschool for All/Prevention Initiative,Gold Circle of Quality,
Brownell Elem School,6741 S Michigan Ave,Chicago,60637-3920,Preschool for All/Prevention Initiative,Gold Circle of Quality,
Budlong Elem School,2701 W Foster Ave,Chicago,60625-3507,Preschool for All/Prevention Initiative,Gold Circle of Quality,
Burnham Elem Inclusive Academy,9928 S Crandon Ave,Chicago,60617-5294,Preschool for All/Prevention Initiative,Gold Circle of Quality,
Burroughs Elem School,3542 S Washtenaw Ave,Chicago,60632-1639,Preschool for All/Prevention Initiative,Gold Circle of Quality,
Carnegie Elem School,1414 E 61st Pl,Chicago,60637-2999,Preschool for All/Prevention Initiative,Gold Circle of Quality,
Chappell Elem School,2135 W Foster Ave,Chicago,60625-1268,Preschool for All/Prevention Initiative,Gold Circle of Quality,
Clinton Elem School,6110 N Fairfield Ave,Chicago,60659-2647,Preschool for All/Prevention Initiative,Gold Circle of Quality,
Coles Elem Language Academy,8441 S Yates Blvd,Chicago,60617-1995,Preschool for All/Prevention Initiative,Gold Circle of Quality,
Columbus Elem School,1003 N Leavitt St,Chicago,60622-3522,Preschool for All/Prevention Initiative,Gold Circle of Quality,
Cook Elem School,8150 S Bishop St,Chicago,60620-3810,Preschool for All/Prevention Initiative,Gold Circle of Quality,
Dawes Elem School,3810 W 81st Pl,Chicago,60652-2400,Preschool for All/Prevention Initiative,Gold Circle of Quality,
Deneen Elem School,7240 S Wabash Ave,Chicago,60619-1092,Preschool for All/Prevention Initiative,Gold Circle of Quality,
Dever Elem School,3436 N Osceola Ave,Chicago,60634-3344,Preschool for All/Prevention Initiative,Gold Circle of Quality,
Eberhart Elem School,3400 W 65th Pl,Chicago,60629-3495,Preschool for All/Prevention Initiative,Gold Circle of Quality,
Ebinger Elem School,7350 W Pratt Ave,Chicago,60631-1199,Preschool for All/Prevention Initiative,Gold Circle of Quality,
Esmond Elem School,1865 W Montvale Ave,Chicago,60643-4217,Preschool for All/Prevention Initiative,Gold Circle of Quality,
Evers Elem School,9811 S Lowe Ave,Chicago,60628-1097,Preschool for All/Prevention Initiative,Gold Circle of Quality,
Fort Dearborn Elem School,9025 S Throop St,Chicago,60620-3599,Preschool for All/Prevention Initiative,Gold Circle of Quality,
Onahan Elementary School,6634 W Raven St,Chicago,60631-2587,Preschool for All/Prevention Initiative,Gold Circle of Quality,
Oriole Park Elementary School,5424 N Oketo Ave,Chicago,60656-1747,Preschool for All/Prevention Initiative,Gold Circle of Quality,
Palmer Elementary School,5051 N Kenneth Ave,Chicago,60630-2620,Preschool for All/Prevention Initiative,Gold Circle of Quality,
Greene N Elem School,3525 S Honore St,Chicago,60609-1210,Preschool for All/Prevention Initiative,Gold Circle of Quality,
Parkside Elementary Comm Academy,6938 S East End Ave,Chicago,60649-1499,Preschool for All/Prevention Initiative,Gold Circle of Quality,
Goethe Elem School,2236 N Rockwell St,Chicago,60647-3004,Preschool for All/Prevention Initiative,Gold Circle of Quality,
Owens Community Academy ES,12302 S State St,Chicago,60628-6899,Preschool for All/Prevention Initiative,Gold Circle of Quality,
Gray Elem School,3730 N Laramie Ave,Chicago,60641-3338,Preschool for All/Prevention Initiative,Gold Circle of Quality,
Peirce Elementary Intl Studies School,1423 W Bryn Mawr Ave,Chicago,60660-4299,Preschool for All/Prevention Initiative,Gold Circle of Quality,
Greeley Elem School,832 W Sheridan Rd,Chicago,60613-3096,Preschool for All/Prevention Initiative,Gold Circle of Quality,
Haines Elem School,247 W 23rd Pl,Chicago,60616-1995,Preschool for All/Prevention Initiative,Gold Circle of Quality,
Washington H Elementary School,9130 S University Ave,Chicago,60619-7922,Preschool for All/Prevention Initiative,Gold Circle of Quality,
Gillespie Elem School,9301 S State St,Chicago,60619-7296,Preschool for All/Prevention Initiative,Gold Circle of Quality,
Peterson Elementary School,5510 N Christiana Ave,Chicago,60625-4681,Preschool for All/Prevention Initiative,Gold Circle of Quality,
Hamilton Elem School,1650 W Cornelia Ave,Chicago,60657-1298,Preschool for All/Prevention Initiative,Gold Circle of Quality,
Harte Elem School,1556 E 56th St,Chicago,60637-1998,Preschool for All/Prevention Initiative,Gold Circle of Quality,
Harvard Elem School,7525 S Harvard Ave,Chicago,60620-1670,Preschool for All/Prevention Initiative,Gold Circle of Quality,
Haugan Elem School,4540 N Hamlin Ave,Chicago,60625-5779,Preschool for All/Prevention Initiative,Gold Circle of Quality,
Hayt Elem School,1518 W Granville Ave,Chicago,60660-1898,Preschool for All/Prevention Initiative,Gold Circle of Quality,
Pirie Elementary Fine Arts & Academic C,650 E 85th St,Chicago,60619-6112,Preschool for All/Prevention Initiative,Gold Circle of Quality,
Hendricks Elem Community Academy,4316 S Princeton Ave,Chicago,60609-3692,Preschool for All/Prevention Initiative,Gold Circle of Quality,
Hinton Elem School,644 W 71st St,Chicago,60621-2399,Preschool for All/Prevention Initiative,Gold Circle of Quality,
Prescott Elementary School,1632 W Wrightwood Ave,Chicago,60614-1970,Preschool for All/Prevention Initiative,Gold Circle of Quality,
Hitch Elem School,5625 N McVicker Ave,Chicago,60646-6173,Preschool for All/Prevention Initiative,Gold Circle of Quality,
Irving Elem School,749 S Oakley Blvd,Chicago,60612-3514,Preschool for All/Prevention Initiative,Gold Circle of Quality,
Pullman Elementary School,11311 S Forrestville Ave,Chicago,60628-5107,Preschool for All/Prevention Initiative,Gold Circle of Quality,
Hughes C Elem School,4247 W 15th St,Chicago,60623-1999,Preschool for All/Prevention Initiative,Gold Circle of Quality,
Ravenswood Elementary School,4332 N Paulina St,Chicago,60613-1297,Preschool for All/Prevention Initiative,Gold Circle of Quality,
Howe Elem School,720 N Lorel Ave,Chicago,60644-1666,Preschool for All/Prevention Initiative,Gold Circle of Quality,
Holmes Elem School,955 W Garfield Blvd,Chicago,60621-2293,Preschool for All/Prevention Initiative,Gold Circle of Quality,
Holden Elem School,1104 W 31st St,Chicago,60608-5699,Preschool for All/Prevention Initiative,Gold Circle of Quality,
Ray Elementary School,5631 S Kimbark Ave,Chicago,60637-1605,Preschool for All/Prevention Initiative,Gold Circle of Quality,
Jahn Elem School,3149 N Wolcott Ave,Chicago,60657-2095,Preschool for All/Prevention Initiative,Gold Circle of Quality,
Jamieson Elem School,5650 N Mozart St,Chicago,60659-4899,Preschool for All/Prevention Initiative,Gold Circle of Quality,
Reilly Elem School,3650 W School St,Chicago,60618-5358,Preschool for All/Prevention Initiative,Gold Circle of Quality,
Kinzie Elem School,5625 S Mobile Ave,Chicago,60638-3459,Preschool for All/Prevention Initiative,Gold Circle of Quality,
Lozano Elem Bilingual & Intl Ctr,1501 N Greenview Ave,Chicago,60642-2355,Preschool for All/Prevention Initiative,Gold Circle of Quality,
Locke J Elem School,2828 N Oak Park Ave,Chicago,60634-4866,Preschool for All/Prevention Initiative,Gold Circle of Quality,
Mount Greenwood Elem School,10841 S Homan Ave,Chicago,60655-2611,Preschool for All/Prevention Initiative,Gold Circle of Quality,
Revere Elementary School,1010 E 72nd St,Chicago,60619-1398,Preschool for All/Prevention Initiative,Gold Circle of Quality,
Mollison Elem School,4415 S King Dr,Chicago,60653-3310,Preschool for All/Prevention Initiative,Gold Circle of Quality,
Mitchell Elem School,2233 W Ohio St,Chicago,60612-1525,Preschool for All/Prevention Initiative,Gold Circle of Quality,
Rogers Elementary School,7345 N Washtenaw Ave,Chicago,60645-1429,Preschool for All/Prevention Initiative,Gold Circle of Quality,
Mann Elem School,8050 S Chappel Ave,Chicago,60617-1091,Preschool for All/Prevention Initiative,Gold Circle of Quality,
Manierre Elem School,1420 N Hudson Ave,Chicago,60610-1198,Preschool for All/Prevention Initiative,Gold Circle of Quality,
Mount Vernon Elem School,10540 S Morgan St,Chicago,60643-3098,Preschool for All/Prevention Initiative,Gold Circle of Quality,
Mozart Elem School,2200 N Hamlin Ave,Chicago,60647-2214,Preschool for All/Prevention Initiative,Gold Circle of Quality,
Murphy Elem School,3539 W Grace St,Chicago,60618-4237,Preschool for All/Prevention Initiative,Gold Circle of Quality,
Brown R Elem Community Acad,12607 S Union Ave,Chicago,60628-7099,Preschool for All/Prevention Initiative,Gold Circle of Quality,
Nash Elem School,4837 W Erie St,Chicago,60644-1720,Preschool for All/Prevention Initiative,Gold Circle of Quality,
Garvey M Elementary School,10309 S Morgan St,Chicago,60643-3096,Preschool for All/Prevention Initiative,Gold Circle of Quality,
Neil Elem School,8555 S Michigan Ave,Chicago,60619-5687,Preschool for All/Prevention Initiative,Gold Circle of Quality,
Newberry Elem Math & Science Acad,700 W Willow St,Chicago,60614-5167,Preschool for All/Prevention Initiative,Gold Circle of Quality,
Joplin Elem School,7931 S Honore St,Chicago,60620-4560,Preschool for All/Prevention Initiative,Gold Circle of Quality,
Nobel Elem School,4127 W Hirsch St,Chicago,60651-1806,Preschool for All/Prevention Initiative,Gold Circle of Quality,
Norwood Park Elem School,5900 N Nina Ave,Chicago,60631-2483,Preschool for All/Prevention Initiative,Gold Circle of Quality,
Ogden Elem School,24 W Walton St,Chicago,60610-1296,Preschool for All/Prevention Initiative,Gold Circle of Quality,
Beasley Elementary Magnet Academic Ctr,5255 S State St,Chicago,60609-6387,Preschool for All/Prevention Initiative,Gold Circle of Quality,
Sayre Elem Language Academy,1850 N Newland Ave,Chicago,60707-3305,Preschool for All/Prevention Initiative,Gold Circle of Quality,
Shoop Math-Sci Tech Elem Academy,11140 S Bishop St,Chicago,60643-3607,Preschool for All/Prevention Initiative,Gold Circle of Quality,
Mays Elementary Acadamy,6656 S Normal Blvd,Chicago,60621-2558,Preschool for All/Prevention Initiative,Gold Circle of Quality,
Solomon Elem School,6206 N Hamlin Ave,Chicago,60659-1099,Preschool for All/Prevention Initiative,Gold Circle of Quality,
Spry Elem Community School,2400 S Marshall Blvd,Chicago,60623-4192,Preschool for All/Prevention Initiative,Gold Circle of Quality,
Sullivan Elem School,8331 S Mackinaw Ave,Chicago,60617-2626,Preschool for All/Prevention Initiative,Gold Circle of Quality,
Sumner Elem Math & Sci Comm Acad,4320 W 5th Ave,Chicago,60624-3401,Preschool for All/Prevention Initiative,Gold Circle of Quality,
Swift Elem Specialty School,5900 N Winthrop Ave,Chicago,60660-9808,Preschool for All/Prevention Initiative,Gold Circle of Quality,
Taylor Elem School,9912 S Avenue H,Chicago,60617-5597,Preschool for All/Prevention Initiative,Gold Circle of Quality,
Randolph Elementary School,7316 S Hoyne Ave,Chicago,60636-3797,Preschool for All/Prevention Initiative,Gold Circle of Quality,
Twain Elem School,5134 S Lotus Ave,Chicago,60638-1630,Preschool for All/Prevention Initiative,Gold Circle of Quality,
Wacker Elem School,9746 S Morgan St,Chicago,60643-1541,Preschool for All/Prevention Initiative,Gold Circle of Quality,
Woodson South Elem School,4414 S Evans Ave,Chicago,60653-3598,Preschool for All/Prevention Initiative,Gold Circle of Quality,
Daley Elementary Academy,5024 S Wolcott Ave,Chicago,60609-4856,Preschool for All/Prevention Initiative,Gold Circle of Quality,
Pritzker Elem School,2009 W Schiller St,Chicago,60622-1998,Preschool for All/Prevention Initiative,Gold Circle of Quality,
Orozco Elementary Fine Arts & Sciences,1940 W 18th St,Chicago,60608-1903,Preschool for All/Prevention Initiative,Gold Circle of Quality,
Waters Elem School,4540 N Campbell Ave,Chicago,60625-3006,Preschool for All/Prevention Initiative,Gold Circle of Quality,
Wadsworth Elem School,6650 S Ellis Ave,Chicago,60637-4298,Preschool for All/Prevention Initiative,Gold Circle of Quality,
Lenart Elementary Regional Gifted Ctr,8101 S La Salle St,Chicago,60620-1223,Preschool for All/Prevention Initiative,Gold Circle of Quality,
Dirksen Elem School,8601 W Foster Ave,Chicago,60656-2721,Preschool for All/Prevention Initiative,Gold Circle of Quality,
Cuffe Math-Sci Tech Elem Academy,8324 S Racine Ave,Chicago,60620-3118,Preschool for All/Prevention Initiative,Gold Circle of Quality,
Casals Elementary School,3501 W Potomac Ave,Chicago,60651-2231,Preschool for All/Prevention Initiative,Gold Circle of Quality,
Foster Park Elem School,8530 S Wood St,Chicago,60620,Preschool for All/Prevention Initiative,Gold Circle of Quality,
Ruiz Elementary School,2410 S Leavitt St,Chicago,60608-4034,Preschool for All/Prevention Initiative,Gold Circle of Quality,
Hughes L Elem School,240 W 104th St,Chicago,60628-2597,Preschool for All/Prevention Initiative,Gold Circle of Quality,
Grissom Elem School,12810 S Escanaba Ave,Chicago,60633-1298,Preschool for All/Prevention Initiative,Gold Circle of Quality,
Ariel Elem Community School,1119 E 46th St,Chicago,60653-4491,Preschool for All/Prevention Initiative,Gold Circle of Quality,
Smith W Elem School,744 E 103rd St,Chicago,60628-1694,Preschool for All/Prevention Initiative,Gold Circle of Quality,
Ortiz De Dominguez Elementary School,3000 S Lawndale Ave,Chicago,60623-4539,Preschool for All/Prevention Initiative,Gold Circle of Quality,
Till Elem Math & Science Academy,6543 S Champlain Ave,Chicago,60637-3441,Preschool for All/Prevention Initiative,Gold Circle of Quality,
Telpochcalli Elementary School,2832 W 24th Blvd,Chicago,60623-3524,Preschool for All/Prevention Initiative,Gold Circle of Quality,
Langford A Elem School,6010 S Throop St,Chicago,60636-1899,Preschool for All/Prevention Initiative,Gold Circle of Quality,
Clark G R Elem School,1045 S Monitor Ave,Chicago,60644-5434,Preschool for All/Prevention Initiative,Gold Circle of Quality,
Woodlawn Elem Comm School,6657 S Kimbark Ave,Chicago,60637-4481,Preschool for All/Prevention Initiative,Gold Circle of Quality,
McNair Elem School,4820 W Walton St,Chicago,60651-3209,Preschool for All/Prevention Initiative,Gold Circle of Quality,
Fairfield Elem Acadamy,6201 S Fairfield Ave,Chicago,60629-2309,Preschool for All/Prevention Initiative,Gold Circle of Quality,
Chicago Academy Elem School,3400 N Austin Ave,Chicago,60634-4241,Preschool for All/Prevention Initiative,Gold Circle of Quality,
Ashburn Comm Elem School,8300 S Saint Louis Ave,Chicago,60652-3224,Preschool for All/Prevention Initiative,Gold Circle of Quality,
Belmont-Cragin Elem School,5252 W Palmer St,Chicago,60639-3047,Preschool for All/Prevention Initiative,Gold Circle of Quality,
National Teachers Elem Acadamy,55 W Cermak Rd,Chicago,60616-2001,Preschool for All/Prevention Initiative,Gold Circle of Quality,
Talman Elem School,5450 S Talman Ave,Chicago,60632-1598,Preschool for All/Prevention Initiative,Gold Circle of Quality,
Doolittle Elementary School,535 E 35th St,Chicago,60616-4198,Preschool for All/Prevention Initiative,Gold Circle of Quality,
Edison Park Elem School,6220 N Olcott Ave,Chicago,60631-1815,Preschool for All/Prevention Initiative,Gold Circle of Quality,
LaSalle Il Lang Acad Elem School,1148 N Honore St,Chicago,60622-3799,Preschool for All/Prevention Initiative,Gold Circle of Quality,
Camras Elem School,3000 N Mango Ave,Chicago,60634-5216,Preschool for All/Prevention Initiative,Gold Circle of Quality,
West Ridge Elem School,6700 N Whipple St,Chicago,60645-4123,Preschool for All/Prevention Initiative,Gold Circle of Quality,
Rudolph Elem Learning Center,110 N Paulina St,Chicago,60612-2600,Preschool for All/Prevention Initiative,Gold Circle of Quality,
Beard Elementary School,6445 W Strong St,Chicago,60656-4011,Preschool for All/Prevention Initiative,Gold Circle of Quality,